[
    {
      "id": 1,
      "name": "Laptop",
      "category": "Computers",
      "brand": "ExampleBrand",
      "price":5000.99,
      "stock": 50,
      "description": "Powerful laptop with a quad-core i5 processor, 8GB RAM, 256GB SSD, and a 14-inch FHD display.",
      "image": "public/image/lapi.png"
    },
    {
      "id": 2,
      "name": "Smartphone",
      "category": "Mobiles",
      "brand": "TechGadget",
      "price": 3000.99,
      "stock": 100,
      "image": "public/image/iphone.png",
      "description": "Feature-rich smartphone with a 6.2-inch screen, 12MP dual camera, 128GB storage, and a 4000mAh battery."
    },
    {
      "id": 3,
      "name": "Wireless Headphones",
      "category": "Audio",
      "brand": "SoundBeats",
      "price": 1799.99,
      "stock": 30,
      "image": "public/image/headphone.png",
      "description": "High-quality wireless headphones with over-ear design, 20 hours of battery life, and a sleek black color."
    },
    {
      "id": 4,
      "name": "Watches",
      "category": "Wearables",
      "brand": "FitTech",
      "price": 1299.99,
      "stock": 20,
      "image": "public/image/watch.png",
      "description": "Smartwatch with a 1.3-inch AMOLED display, water-resistant design, fitness tracking features, and a stylish silver color."
    },
    {
      "id": 5,
      "name": "Speakers",
      "category": "Audio",
      "brand": "SoundBeats",
      "price": 2999.99,
      "stock": 30,
      "image": "public/image/speakers.png",
      "description": "High-quality wireless headphones with over-ear design, 20 hours of battery life, and a sleek black color."
    },
    {
      "id": 6,
      "name": "Television",
      "category": "Video",
      "brand": "Samsung",
      "price": 3500.99,
      "stock": 20,
      "image": "public/image/tv.png",
      "description": "Smartwatch with a 1.3-inch AMOLED display, water-resistant design, fitness tracking features, and a stylish silver color."
    }
  ]